,Missing_Count,Missing_Percentage
neighborhood_overview,490,100.0
host_since,490,100.0
host_acceptance_rate,490,100.0
host_response_rate,490,100.0
host_response_time,490,100.0
host_neighbourhood,490,100.0
host_total_listings_count,490,100.0
host_verifications,490,100.0
host_thumbnail_url,490,100.0
neighbourhood,490,100.0
instant_bookable,490,100.0
license,490,100.0
neighbourhood_group_cleansed,490,100.0
calendar_updated,490,100.0
host_about,230,46.93877551020408
host_location,142,28.97959183673469
bedrooms,112,22.857142857142858
first_review,60,12.244897959183673
review_scores_checkin,60,12.244897959183673
review_scores_cleanliness,60,12.244897959183673
reviews_per_month,60,12.244897959183673
review_scores_rating,60,12.244897959183673
last_review,60,12.244897959183673
review_scores_communication,60,12.244897959183673
review_scores_accuracy,60,12.244897959183673
review_scores_location,60,12.244897959183673
review_scores_value,60,12.244897959183673
bathrooms,45,9.183673469387756
beds,44,8.979591836734693
estimated_revenue_l365d,32,6.530612244897959
price_quote_price_per_night,32,6.530612244897959
price_quote_total_price,32,6.530612244897959
price,32,6.530612244897959
price_quote_checkout_date,22,4.489795918367347
price_quote_checkin_date,22,4.489795918367347
price_quote_raw,22,4.489795918367347
description,9,1.8367346938775513
has_availability,5,1.0204081632653061
bathrooms_text,4,0.8163265306122449
minimum_maximum_nights,1,0.20408163265306123
maximum_nights,1,0.20408163265306123
minimum_nights,1,0.20408163265306123
maximum_minimum_nights,1,0.20408163265306123
minimum_minimum_nights,1,0.20408163265306123
maximum_maximum_nights,1,0.20408163265306123
