Dataset,Column,Data_Type,Non_Null_Count,Missing_Count,Unique_Values
Listings,id,int64,490,0,490
Listings,listing_url,object,490,0,490
Listings,scrape_id,int64,490,0,1
Listings,last_scraped,object,490,0,2
Listings,source,object,490,0,2
Listings,name,object,490,0,489
Listings,description,object,481,9,420
Listings,neighborhood_overview,float64,0,490,0
Listings,picture_url,object,490,0,482
Listings,host_id,int64,490,0,186
Listings,host_url,object,490,0,186
Listings,host_profile_id,int64,490,0,186
Listings,host_profile_url,object,490,0,186
Listings,host_name,object,490,0,169
Listings,host_since,float64,0,490,0
Listings,hosts_time_as_user_years,int64,490,0,16
Listings,hosts_time_as_user_months,int64,490,0,12
Listings,hosts_time_as_host_years,int64,490,0,13
Listings,hosts_time_as_host_months,int64,490,0,12
Listings,host_location,object,348,142,31
Listings,host_about,object,260,230,95
Listings,host_response_time,float64,0,490,0
Listings,host_response_rate,float64,0,490,0
Listings,host_acceptance_rate,float64,0,490,0
Listings,host_is_superhost,object,490,0,2
Listings,host_thumbnail_url,float64,0,490,0
Listings,host_picture_url,object,490,0,183
Listings,host_neighbourhood,float64,0,490,0
Listings,host_listings_count,int64,490,0,24
Listings,host_total_listings_count,float64,0,490,0
Listings,host_verifications,float64,0,490,0
Listings,host_has_profile_pic,object,490,0,2
Listings,host_identity_verified,object,490,0,2
Listings,neighbourhood,float64,0,490,0
Listings,neighbourhood_cleansed,object,490,0,15
Listings,neighbourhood_group_cleansed,float64,0,490,0
Listings,latitude,float64,490,0,459
Listings,longitude,float64,490,0,469
Listings,property_type,object,490,0,21
Listings,room_type,object,490,0,4
Listings,accommodates,int64,490,0,14
Listings,bathrooms,float64,445,45,10
Listings,bathrooms_text,object,486,4,18
Listings,bedrooms,float64,378,112,9
Listings,beds,float64,446,44,9
Listings,amenities,object,490,0,474
Listings,price,object,458,32,322
Listings,price_quote_checkin_date,object,468,22,88
Listings,price_quote_checkout_date,object,468,22,107
Listings,price_quote_total_price,float64,458,32,321
Listings,price_quote_price_per_night,float64,458,32,322
Listings,price_quote_raw,object,468,22,448
Listings,minimum_nights,float64,489,1,22
Listings,maximum_nights,float64,489,1,32
Listings,minimum_minimum_nights,float64,489,1,22
Listings,maximum_minimum_nights,float64,489,1,23
Listings,minimum_maximum_nights,float64,489,1,36
Listings,maximum_maximum_nights,float64,489,1,32
Listings,minimum_nights_avg_ntm,float64,490,0,52
Listings,maximum_nights_avg_ntm,float64,490,0,41
Listings,calendar_updated,float64,0,490,0
Listings,has_availability,object,485,5,1
Listings,availability_30,int64,490,0,31
Listings,availability_60,int64,490,0,60
Listings,availability_90,int64,490,0,86
Listings,availability_365,int64,490,0,214
Listings,calendar_last_scraped,object,490,0,2
Listings,number_of_reviews,int64,490,0,150
Listings,number_of_reviews_ltm,int64,490,0,67
Listings,number_of_reviews_l30d,int64,490,0,13
Listings,availability_eoy,int64,490,0,146
Listings,number_of_reviews_ly,int64,490,0,71
Listings,estimated_occupancy_l365d,int64,490,0,58
Listings,estimated_revenue_l365d,float64,458,32,344
Listings,first_review,object,430,60,371
Listings,last_review,object,430,60,196
Listings,review_scores_rating,float64,430,60,73
Listings,review_scores_accuracy,float64,430,60,70
Listings,review_scores_cleanliness,float64,430,60,75
Listings,review_scores_checkin,float64,430,60,59
Listings,review_scores_communication,float64,430,60,52
Listings,review_scores_location,float64,430,60,95
Listings,review_scores_value,float64,430,60,81
Listings,license,float64,0,490,0
Listings,instant_bookable,float64,0,490,0
Listings,calculated_host_listings_count,int64,490,0,16
Listings,calculated_host_listings_count_entire_homes,int64,490,0,14
Listings,calculated_host_listings_count_private_rooms,int64,490,0,9
Listings,calculated_host_listings_count_shared_rooms,int64,490,0,2
Listings,reviews_per_month,float64,430,60,253
Calendar,listing_id,int64,178850,0,490
Calendar,date,object,178850,0,371
Calendar,available,object,178850,0,2
Calendar,minimum_nights,int64,178850,0,24
Calendar,maximum_nights,int64,178850,0,87
Reviews,listing_id,int64,29046,0,430
Reviews,id,int64,29046,0,29046
Reviews,date,object,29046,0,3579
Reviews,reviewer_id,int64,29046,0,23896
Reviews,reviewer_name,object,29046,0,7361
Reviews,comments,object,29038,8,28100
