Column,Datatype
id,int64
listing_url,object
scrape_id,int64
last_scraped,object
source,object
name,object
description,object
neighborhood_overview,float64
picture_url,object
host_id,int64
host_url,object
host_profile_id,int64
host_profile_url,object
host_name,object
host_since,float64
hosts_time_as_user_years,int64
hosts_time_as_user_months,int64
hosts_time_as_host_years,int64
hosts_time_as_host_months,int64
host_location,object
host_about,object
host_response_time,float64
host_response_rate,float64
host_acceptance_rate,float64
host_is_superhost,object
host_thumbnail_url,float64
host_picture_url,object
host_neighbourhood,float64
host_listings_count,int64
host_total_listings_count,float64
host_verifications,float64
host_has_profile_pic,object
host_identity_verified,object
neighbourhood,float64
neighbourhood_cleansed,object
neighbourhood_group_cleansed,float64
latitude,float64
longitude,float64
property_type,object
room_type,object
accommodates,int64
bathrooms,float64
bathrooms_text,object
bedrooms,float64
beds,float64
amenities,object
price,object
price_quote_checkin_date,object
price_quote_checkout_date,object
price_quote_total_price,float64
price_quote_price_per_night,float64
price_quote_raw,object
minimum_nights,float64
maximum_nights,float64
minimum_minimum_nights,float64
maximum_minimum_nights,float64
minimum_maximum_nights,float64
maximum_maximum_nights,float64
minimum_nights_avg_ntm,float64
maximum_nights_avg_ntm,float64
calendar_updated,float64
has_availability,object
availability_30,int64
availability_60,int64
availability_90,int64
availability_365,int64
calendar_last_scraped,object
number_of_reviews,int64
number_of_reviews_ltm,int64
number_of_reviews_l30d,int64
availability_eoy,int64
number_of_reviews_ly,int64
estimated_occupancy_l365d,int64
estimated_revenue_l365d,float64
first_review,object
last_review,object
review_scores_rating,float64
review_scores_accuracy,float64
review_scores_cleanliness,float64
review_scores_checkin,float64
review_scores_communication,float64
review_scores_location,float64
review_scores_value,float64
license,float64
instant_bookable,float64
calculated_host_listings_count,int64
calculated_host_listings_count_entire_homes,int64
calculated_host_listings_count_private_rooms,int64
calculated_host_listings_count_shared_rooms,int64
reviews_per_month,float64
