,Missing Values,Percentage (%)
neighborhood_overview,490,100.0
host_since,490,100.0
host_acceptance_rate,490,100.0
host_response_rate,490,100.0
host_response_time,490,100.0
host_neighbourhood,490,100.0
host_total_listings_count,490,100.0
host_verifications,490,100.0
host_thumbnail_url,490,100.0
neighbourhood,490,100.0
instant_bookable,490,100.0
license,490,100.0
neighbourhood_group_cleansed,490,100.0
calendar_updated,490,100.0
host_about,230,46.94
host_location,142,28.98
bedrooms,112,22.86
first_review,60,12.24
review_scores_checkin,60,12.24
review_scores_cleanliness,60,12.24
reviews_per_month,60,12.24
review_scores_rating,60,12.24
last_review,60,12.24
review_scores_communication,60,12.24
review_scores_accuracy,60,12.24
review_scores_location,60,12.24
review_scores_value,60,12.24
bathrooms,45,9.18
beds,44,8.98
estimated_revenue_l365d,32,6.53
price_quote_price_per_night,32,6.53
price_quote_total_price,32,6.53
price,32,6.53
price_quote_checkout_date,22,4.49
price_quote_checkin_date,22,4.49
price_quote_raw,22,4.49
description,9,1.84
has_availability,5,1.02
bathrooms_text,4,0.82
minimum_maximum_nights,1,0.2
maximum_nights,1,0.2
minimum_nights,1,0.2
maximum_minimum_nights,1,0.2
minimum_minimum_nights,1,0.2
maximum_maximum_nights,1,0.2
