,Unique Values
id,490
listing_url,490
scrape_id,1
last_scraped,2
source,2
name,489
description,420
neighborhood_overview,0
picture_url,482
host_id,186
host_url,186
host_profile_id,186
host_profile_url,186
host_name,169
host_since,0
hosts_time_as_user_years,16
hosts_time_as_user_months,12
hosts_time_as_host_years,13
hosts_time_as_host_months,12
host_location,31
host_about,95
host_response_time,0
host_response_rate,0
host_acceptance_rate,0
host_is_superhost,2
host_thumbnail_url,0
host_picture_url,183
host_neighbourhood,0
host_listings_count,24
host_total_listings_count,0
host_verifications,0
host_has_profile_pic,2
host_identity_verified,2
neighbourhood,0
neighbourhood_cleansed,15
neighbourhood_group_cleansed,0
latitude,459
longitude,469
property_type,21
room_type,4
accommodates,14
bathrooms,10
bathrooms_text,18
bedrooms,9
beds,9
amenities,474
price,322
price_quote_checkin_date,88
price_quote_checkout_date,107
price_quote_total_price,321
price_quote_price_per_night,322
price_quote_raw,448
minimum_nights,22
maximum_nights,32
minimum_minimum_nights,22
maximum_minimum_nights,23
minimum_maximum_nights,36
maximum_maximum_nights,32
minimum_nights_avg_ntm,52
maximum_nights_avg_ntm,41
calendar_updated,0
has_availability,1
availability_30,31
availability_60,60
availability_90,86
availability_365,214
calendar_last_scraped,2
number_of_reviews,150
number_of_reviews_ltm,67
number_of_reviews_l30d,13
availability_eoy,146
number_of_reviews_ly,71
estimated_occupancy_l365d,58
estimated_revenue_l365d,344
first_review,371
last_review,196
review_scores_rating,73
review_scores_accuracy,70
review_scores_cleanliness,75
review_scores_checkin,59
review_scores_communication,52
review_scores_location,95
review_scores_value,81
license,0
instant_bookable,0
calculated_host_listings_count,16
calculated_host_listings_count_entire_homes,14
calculated_host_listings_count_private_rooms,9
calculated_host_listings_count_shared_rooms,2
reviews_per_month,253
